{"result":[{"id":28596,"title":"SPECIAL OFFER -Heart of Lisbon Flat","type":"apartment","subtype":"apartment","url":"https://roomorama.com/short-term-rentals/lisbon/baixa/apartment/28596","num_rooms":3,"max_guests":5,"min_stay":3,"price":75,"currency_code":"EUR","currency_display":"\u20ac","thumbnail":"https://duyhudmhxzxmd.cloudfront.net/photos/rooms/435482/435482_search_result.jpg","city":"Lisbon","country_code":"PT","lat":"38.7149439","lng":"-9.1400189","host":{"id":132309,"display":"heartoflisbonflat","url":"https://roomorama.com/users/heartoflisbonflat"}},{"id":29582,"title":"Apartment Manda in Zagreb near \u0160alata","type":"apartment","url":"https://roomorama.com/short-term-rentals/zagreb/upper-town/apartment/29582","num_rooms":0,"max_guests":3,"min_stay":1,"price":50,"currency_code":"EUR","currency_display":"\u20ac","thumbnail":"https://duyhudmhxzxmd.cloudfront.net/photos/rooms/331679/331679_search_result.jpg","city":"Zagreb","country_code":"HR","lat":"45.8147626","lng":"15.9841715","host":{"id":134240,"display":"Mandaap","certified":true,"url":"https://roomorama.com/users/Mandaap"}},{"id":6184,"title":"Great river view in a colorful apartment","type":"apartment","subtype":"apartment","url":"https://roomorama.com/short-term-rentals/lisbon/alfama/apartment/6184","num_rooms":1,"max_guests":4,"min_stay":2,"price":44,"currency_code":"EUR","currency_display":"\u20ac","thumbnail":"https://duyhudmhxzxmd.cloudfront.net/photos/rooms/96451/96451_search_result.jpg","city":"Lisbon","country_code":"PT","lat":"38.7173919678","lng":"-9.1204547882","host":{"id":33119,"display":"pjmatos","certified":true,"url":"https://roomorama.com/users/pjmatos"}},{"id":37173,"title":"WATERFRONT EXECUTIVE SUITE- DOWNTOWN","type":"apartment","subtype":"luxury-apartment","url":"https://roomorama.com/short-term-rentals/toronto/central-downtown/apartment/37173","num_rooms":1,"max_guests":2,"min_stay":7,"price":84,"currency_code":"CAD","currency_display":"C$","thumbnail":"https://duyhudmhxzxmd.cloudfront.net/photos/rooms/401295/401295_search_result.jpg","city":"Toronto","country_code":"CA","lat":"43.637661","lng":"-79.397551","host":{"id":144290,"display":"WaterfrontExecSuites","certified":true,"url":"https://roomorama.com/users/WaterfrontExecSuites"}},{"id":34391,"title":"Victorian House Heart of SF","type":"house","subtype":"house","url":"https://roomorama.com/short-term-rentals/san-francisco/house/34391","num_rooms":3,"max_guests":6,"min_stay":3,"price":460,"currency_code":"USD","currency_display":"US$","thumbnail":"https://duyhudmhxzxmd.cloudfront.net/photos/rooms/350015/350015_search_result.jpg","city":"San Francisco","country_code":"US","lat":"37.7638054","lng":"-122.4317391","host":{"id":133337,"display":"Bernat","certified":true,"url":"https://roomorama.com/users/Bernat"}},{"id":35912,"title":"Farmhouse with Pool near Florence","type":"apartment","subtype":"apartment","url":"https://roomorama.com/short-term-rentals/florence/apartment/35912","num_rooms":2,"max_guests":7,"min_stay":1,"price":90,"currency_code":"EUR","currency_display":"\u20ac","thumbnail":"https://duyhudmhxzxmd.cloudfront.net/photos/rooms/471279/471279_search_result.jpg","city":"Florence","country_code":"IT","lat":"43.7924460659","lng":"11.4120818","host":{"id":139367,"display":"giovannin","certified":false,"url":"https://roomorama.com/users/giovannin"}},{"id":34390,"title":"Sunny Mission Apartment with Garden","type":"apartment","subtype":"apartment","url":"https://roomorama.com/short-term-rentals/san-francisco/mission/apartment/34390","num_rooms":2,"max_guests":4,"min_stay":3,"price":183,"currency_code":"USD","currency_display":"US$","thumbnail":"https://duyhudmhxzxmd.cloudfront.net/photos/rooms/349985/349985_search_result.jpg","city":"San Francisco","country_code":"US","lat":"37.7563823","lng":"-122.4111741","host":{"id":133337,"display":"Bernat","certified":true,"url":"https://roomorama.com/users/Bernat"}},{"id":71029,"title":"Santa Reparata Florence","type":"apartment","subtype":"apartment","url":"https://roomorama.com/short-term-rentals/florence/santa-maria-novella/apartment/71029","num_rooms":0,"max_guests":2,"min_stay":2,"price":40,"currency_code":"EUR","currency_display":"\u20ac","thumbnail":"https://duyhudmhxzxmd.cloudfront.net/photos/rooms/791559/791559_search_result.jpg","city":"Florence","country_code":"IT","lat":"43.7788101","lng":"11.2565186","host":{"id":229036,"display":"reparatafirenze","url":"https://roomorama.com/users/reparatafirenze"}},{"id":50247,"title":"Charming flat next to Elys\u00e9e Palace","type":"apartment","subtype":"apartment","url":"https://roomorama.com/short-term-rentals/paris/apartment/50247","num_rooms":0,"max_guests":3,"min_stay":2,"price":149,"currency_code":"EUR","currency_display":"\u20ac","thumbnail":"https://duyhudmhxzxmd.cloudfront.net/photos/rooms/548554/548554_search_result.jpg","city":"Paris","country_code":"FR","lat":"48.8706685","lng":"2.317664","host":{"id":151395,"display":"efriedel","certified":true,"url":"https://roomorama.com/users/efriedel"}},{"id":40655,"title":"Large&comfortable studio Brussels","type":"apartment","subtype":"apartment","url":"https://roomorama.com/short-term-rentals/brussels/ixelles/apartment/40655","num_rooms":1,"max_guests":3,"min_stay":5,"price":79,"currency_code":"EUR","currency_display":"\u20ac","thumbnail":"https://duyhudmhxzxmd.cloudfront.net/photos/rooms/439082/439082_search_result.jpg","city":"Brussels","country_code":"BE","lat":"50.8303344","lng":"4.4107069","host":{"id":151395,"display":"efriedel","certified":true,"url":"https://roomorama.com/users/efriedel"}},{"id":37959,"title":"Bright & recently renovated apartment","type":"apartment","url":"https://roomorama.com/short-term-rentals/budapest/district-vi/apartment/37959","num_rooms":3,"max_guests":6,"min_stay":3,"price":99,"currency_code":"EUR","currency_display":"\u20ac","thumbnail":"https://duyhudmhxzxmd.cloudfront.net/photos/rooms/410350/410350_search_result.jpg","city":"Budapest","country_code":"HU","lat":"47.5071835","lng":"19.0627898","host":{"id":146925,"display":"Budarent","certified":true,"url":"https://roomorama.com/users/Budarent"}},{"id":48403,"title":"South Central Athens","type":"apartment","url":"https://roomorama.com/short-term-rentals/athens/apartment/48403","num_rooms":2,"max_guests":5,"min_stay":3,"price":35,"currency_code":"EUR","currency_display":"\u20ac","thumbnail":"https://duyhudmhxzxmd.cloudfront.net/photos/rooms/728091/728091_search_result.jpg","city":"Athens","country_code":"GR","lat":"37.9414173","lng":"23.72232","host":{"id":145134,"display":"nswohnung","url":"https://roomorama.com/users/nswohnung"}},{"id":37942,"title":"Gorgeous Apartment","type":"apartment","url":"https://roomorama.com/short-term-rentals/budapest/district-vi/apartment/37942","num_rooms":2,"max_guests":5,"min_stay":3,"price":79,"currency_code":"EUR","currency_display":"\u20ac","thumbnail":"https://duyhudmhxzxmd.cloudfront.net/photos/rooms/482151/482151_search_result.jpg","city":"Budapest","country_code":"HU","lat":"47.5033572","lng":"19.055703","host":{"id":146925,"display":"Budarent","certified":true,"url":"https://roomorama.com/users/Budarent"}},{"id":37956,"title":"Luxerious Budapest City Villa","type":"apartment","url":"https://roomorama.com/short-term-rentals/budapest/district-ii/apartment/37956","num_rooms":3,"max_guests":8,"min_stay":3,"price":175,"currency_code":"EUR","currency_display":"\u20ac","thumbnail":"https://duyhudmhxzxmd.cloudfront.net/photos/rooms/410330/410330_search_result.jpg","city":"Budapest","country_code":"HU","lat":"47.557766","lng":"18.9669112","host":{"id":146925,"display":"Budarent","certified":true,"url":"https://roomorama.com/users/Budarent"}},{"id":37934,"title":"Beautiful Apartment","type":"apartment","subtype":"luxury_apartment","url":"https://roomorama.com/short-term-rentals/budapest/district-vi/apartment/37934","num_rooms":2,"max_guests":6,"min_stay":3,"price":90,"currency_code":"EUR","currency_display":"\u20ac","thumbnail":"https://duyhudmhxzxmd.cloudfront.net/photos/rooms/619156/619156_search_result.jpg","city":"Budapest","country_code":"HU","lat":"47.50004","lng":"19.0570221","host":{"id":146925,"display":"Budarent","certified":true,"url":"https://roomorama.com/users/Budarent"}},{"id":37937,"title":"Stunning apartment","type":"apartment","url":"https://roomorama.com/short-term-rentals/budapest/district-vi/apartment/37937","num_rooms":2,"max_guests":6,"min_stay":3,"price":85,"currency_code":"EUR","currency_display":"\u20ac","thumbnail":"https://duyhudmhxzxmd.cloudfront.net/photos/rooms/410163/410163_search_result.jpg","city":"Budapest","country_code":"HU","lat":"47.50004","lng":"19.0570221","host":{"id":146925,"display":"Budarent","certified":true,"url":"https://roomorama.com/users/Budarent"}},{"id":37963,"title":"Renovated, fully furnished apartment","type":"apartment","url":"https://roomorama.com/short-term-rentals/budapest/district-xiii/apartment/37963","num_rooms":3,"max_guests":8,"min_stay":3,"price":99,"currency_code":"EUR","currency_display":"\u20ac","thumbnail":"https://duyhudmhxzxmd.cloudfront.net/photos/rooms/410383/410383_search_result.jpg","city":"Budapest","country_code":"HU","lat":"47.5118859","lng":"19.0536671","host":{"id":146925,"display":"Budarent","certified":true,"url":"https://roomorama.com/users/Budarent"}},{"id":26402,"title":"Aristocratic 1930's Apartment.- sleeps10","type":"apartment","subtype":"luxury_apartment","url":"https://roomorama.com/short-term-rentals/athens/patission-street/apartment/26402","num_rooms":5,"max_guests":10,"min_stay":2,"price":290,"currency_code":"EUR","currency_display":"\u20ac","thumbnail":"https://duyhudmhxzxmd.cloudfront.net/photos/rooms/312193/312193_search_result.jpg","city":"Athens","country_code":"GR","lat":"38.0010299683","lng":"23.7363243103","host":{"id":126269,"display":"Matina","certified":true,"url":"https://roomorama.com/users/Matina"}},{"id":18124,"title":"South Beach Condo. AMAZING LOCATION!","type":"apartment","subtype":"condo","url":"https://roomorama.com/short-term-rentals/miami/miami-beach/south-beach/apartment/18124","num_rooms":1,"max_guests":3,"min_stay":3,"price":120,"currency_code":"USD","currency_display":"US$","thumbnail":"https://duyhudmhxzxmd.cloudfront.net/photos/rooms/208389/208389_search_result.jpg","city":"Miami","country_code":"US","lat":"25.7875576019","lng":"-80.1317901611","host":{"id":99272,"display":"AlexR","certified":true,"url":"https://roomorama.com/users/AlexR"}},{"id":43005,"title":"Sunny apartment with canal vieuw","type":"apartment","subtype":"apartment","url":"https://roomorama.com/short-term-rentals/amsterdam/oud-west/apartment/43005","num_rooms":1,"max_guests":2,"min_stay":2,"price":55,"currency_code":"EUR","currency_display":"\u20ac","thumbnail":"https://duyhudmhxzxmd.cloudfront.net/photos/rooms/581182/581182_search_result.jpg","city":"Amsterdam","country_code":"NL","lat":"52.3776031","lng":"4.8606853","host":{"id":145567,"display":"JanVanVulpen","certified":true,"url":"https://roomorama.com/users/JanVanVulpen"}},{"id":48745,"title":"Quiet Private Apartment - Good Area","type":"apartment","subtype":"luxury-apartment","url":"https://roomorama.com/short-term-rentals/amsterdam/rivierenbuurt/apartment/48745","num_rooms":2,"max_guests":4,"min_stay":3,"price":90,"currency_code":"EUR","currency_display":"\u20ac","thumbnail":"https://duyhudmhxzxmd.cloudfront.net/photos/rooms/740246/740246_search_result.jpg","city":"Amsterdam","country_code":"NL","lat":"52.341403","lng":"4.9109035","host":{"id":166337,"display":"Hans9999","certified":false,"url":"https://roomorama.com/users/Hans9999"}},{"id":23713,"title":"Old Town Exclusive","type":"apartment","url":"https://roomorama.com/short-term-rentals/prague/apartment/23713","num_rooms":2,"max_guests":9,"min_stay":2,"price":87,"currency_code":"EUR","currency_display":"\u20ac","thumbnail":"https://duyhudmhxzxmd.cloudfront.net/photos/rooms/276188/276188_search_result.jpg","city":"Prague","country_code":"CZ","lat":"50.0842132568","lng":"14.4187793732","host":{"id":94899,"display":"aaprague","certified":true,"url":"https://roomorama.com/users/aaprague"}},{"id":34407,"title":"Bourbon Balcony! French Quarter!","type":"house","subtype":"townhouse","url":"https://roomorama.com/short-term-rentals/new-orleans/french-quarter/house/34407","num_rooms":4,"max_guests":20,"min_stay":2,"price":299,"currency_code":"USD","currency_display":"US$","thumbnail":"https://duyhudmhxzxmd.cloudfront.net/photos/rooms/350284/350284_search_result.jpg","city":"New Orleans","country_code":"US","lat":"29.9584213","lng":"-90.0644","host":{"id":136817,"display":"FrenchQuarterHouse","certified":true,"url":"https://roomorama.com/users/FrenchQuarterHouse"}},{"id":23749,"title":"Prague Central A21","type":"apartment","url":"https://roomorama.com/short-term-rentals/prague/apartment/23749","num_rooms":3,"max_guests":1,"min_stay":2,"price":109,"currency_code":"EUR","currency_display":"\u20ac","thumbnail":"https://duyhudmhxzxmd.cloudfront.net/photos/rooms/277673/277673_search_result.jpg","city":"Prague","country_code":"CZ","lat":"50.080242157","lng":"14.419801712","host":{"id":94899,"display":"aaprague","certified":true,"url":"https://roomorama.com/users/aaprague"}},{"id":24099,"title":"Regents Park Two A","type":"apartment","url":"https://roomorama.com/short-term-rentals/united-kingdom/england/london/apartment/24099","num_rooms":2,"max_guests":6,"min_stay":3,"price":109,"currency_code":"GBP","currency_display":"\u00a3","thumbnail":"https://duyhudmhxzxmd.cloudfront.net/photos/rooms/326131/326131_search_result.jpg","city":"London","country_code":"GB","lat":"51.5354537964","lng":"-0.1339569986","host":{"id":94899,"display":"aaprague","certified":true,"url":"https://roomorama.com/users/aaprague"}},{"id":16787,"title":"Luxurious loft in the Kastanienallee","type":"apartment","url":"https://roomorama.com/short-term-rentals/berlin/prenzlauerberg/apartment/16787","num_rooms":2,"max_guests":6,"min_stay":2,"price":89,"currency_code":"EUR","currency_display":"\u20ac","thumbnail":"https://duyhudmhxzxmd.cloudfront.net/photos/rooms/283713/283713_search_result.jpg","city":"Berlin","country_code":"DE","lat":"52.5391616821","lng":"13.4102602005","host":{"id":87499,"display":"ahlby","certified":true,"url":"https://roomorama.com/users/ahlby"}},{"id":52326,"title":"Borgarnes - Beach Cottage","type":"house","subtype":"beach_house","url":"https://roomorama.com/short-term-rentals/west/house/52326","num_rooms":2,"max_guests":6,"min_stay":1,"price":175,"currency_code":"USD","currency_display":"US$","thumbnail":"https://duyhudmhxzxmd.cloudfront.net/photos/rooms/608566/608566_search_result.jpg","city":"West","country_code":"IS","lat":"64.5377344924","lng":"-21.9267313677","host":{"id":178673,"display":"hebasoffia","url":"https://roomorama.com/users/hebasoffia"}},{"id":17027,"title":"Very nice apartment in the Bergmann area","type":"apartment","subtype":"apartment","url":"https://roomorama.com/short-term-rentals/berlin/kreuzberg/apartment/17027","num_rooms":1,"max_guests":2,"min_stay":1,"price":39,"currency_code":"EUR","currency_display":"\u20ac","thumbnail":"https://duyhudmhxzxmd.cloudfront.net/photos/rooms/236234/236234_search_result.jpg","city":"Berlin","country_code":"DE","lat":"52.4922714233","lng":"13.3976297379","host":{"id":96035,"display":"stefanourani","certified":true,"url":"https://roomorama.com/users/stefanourani"}},{"id":30070,"title":"Amazing California Nob Hill Studio","type":"apartment","subtype":"studio-bachelor","url":"https://roomorama.com/short-term-rentals/san-francisco/nob-hill/apartment/30070","num_rooms":0,"max_guests":3,"min_stay":3,"price":160,"currency_code":"USD","currency_display":"US$","thumbnail":"https://duyhudmhxzxmd.cloudfront.net/photos/rooms/337836/337836_search_result.jpg","city":"San Francisco","country_code":"US","lat":"37.7921073","lng":"-122.4160988","host":{"id":133337,"display":"Bernat","certified":true,"url":"https://roomorama.com/users/Bernat"}},{"id":23996,"title":"Pau Claris 3","type":"apartment","url":"https://roomorama.com/short-term-rentals/barcelona/apartment/23996","num_rooms":2,"max_guests":6,"min_stay":2,"price":79,"currency_code":"EUR","currency_display":"\u20ac","thumbnail":"https://duyhudmhxzxmd.cloudfront.net/photos/rooms/282242/282242_search_result.jpg","city":"Barcelona","country_code":"ES","lat":"41.3894081116","lng":"2.1717000008","host":{"id":94903,"display":"aamadrid","certified":true,"url":"https://roomorama.com/users/aamadrid"}},{"id":37385,"title":"North Beach Washington Square","type":"apartment","subtype":"apartment","url":"https://roomorama.com/short-term-rentals/san-francisco/north-beach/apartment/37385","num_rooms":2,"max_guests":4,"min_stay":3,"price":282,"currency_code":"USD","currency_display":"US$","thumbnail":"https://duyhudmhxzxmd.cloudfront.net/photos/rooms/404022/404022_search_result.jpg","city":"San Francisco","country_code":"US","lat":"37.8009576","lng":"-122.4120614","host":{"id":133337,"display":"Bernat","certified":true,"url":"https://roomorama.com/users/Bernat"}},{"id":30232,"title":"Union Square Modern Loft","type":"apartment","subtype":"loft","url":"https://roomorama.com/short-term-rentals/san-francisco/downtown/apartment/30232","num_rooms":1,"max_guests":4,"min_stay":3,"price":266,"currency_code":"USD","currency_display":"US$","thumbnail":"https://duyhudmhxzxmd.cloudfront.net/photos/rooms/339099/339099_search_result.jpg","city":"San Francisco","country_code":"US","lat":"37.786188","lng":"-122.407633","host":{"id":133337,"display":"Bernat","certified":true,"url":"https://roomorama.com/users/Bernat"}},{"id":34370,"title":"Unique Victorian Apartment","type":"apartment","subtype":"condo","url":"https://roomorama.com/short-term-rentals/san-francisco/alamo-square/apartment/34370","num_rooms":2,"max_guests":6,"min_stay":3,"price":235,"currency_code":"USD","currency_display":"US$","thumbnail":"https://duyhudmhxzxmd.cloudfront.net/photos/rooms/349732/349732_search_result.jpg","city":"San Francisco","country_code":"US","lat":"37.7783233","lng":"-122.4340708","host":{"id":133337,"display":"Bernat","certified":true,"url":"https://roomorama.com/users/Bernat"}},{"id":29026,"title":"North Beach Lombard Apartment","type":"apartment","subtype":"apartment","url":"https://roomorama.com/short-term-rentals/san-francisco/north-beach/apartment/29026","num_rooms":2,"max_guests":4,"min_stay":3,"price":235,"currency_code":"USD","currency_display":"US$","thumbnail":"https://duyhudmhxzxmd.cloudfront.net/photos/rooms/324624/324624_search_result.jpg","city":"San Francisco","country_code":"US","lat":"37.8034197","lng":"-122.4114927","host":{"id":133337,"display":"Bernat","certified":true,"url":"https://roomorama.com/users/Bernat"}},{"id":17232,"title":"SPECIAL OFFER Trendy spacious Flat","type":"apartment","url":"https://roomorama.com/short-term-rentals/united-kingdom/england/london/islington/apartment/17232","num_rooms":1,"max_guests":6,"min_stay":3,"price":75,"currency_code":"GBP","currency_display":"\u00a3","thumbnail":"https://duyhudmhxzxmd.cloudfront.net/photos/rooms/229834/229834_search_result.jpg","city":"London","country_code":"GB","lat":"51.5414149","lng":"-0.1030046","host":{"id":37002,"display":"paul72","certified":true,"url":"https://roomorama.com/users/paul72"}},{"id":29247,"title":"Sweethome Ljubljana apartment","type":"apartment","url":"https://roomorama.com/short-term-rentals/ljubljana/apartment/29247","num_rooms":1,"max_guests":2,"min_stay":1,"price":70,"currency_code":"EUR","currency_display":"\u20ac","thumbnail":"https://duyhudmhxzxmd.cloudfront.net/photos/rooms/327600/327600_search_result.jpg","city":"Ljubljana","country_code":"SI","lat":"46.0474915062","lng":"14.4973373116","host":{"id":133745,"display":"sweet_home","certified":false,"url":"https://roomorama.com/users/sweet_home"}},{"id":54608,"title":"Downtown Retreat","type":"apartment","subtype":"condo","url":"https://roomorama.com/short-term-rentals/san-francisco/south-beachsoma/apartment/54608","num_rooms":1,"max_guests":2,"min_stay":30,"price":166,"currency_code":"USD","currency_display":"US$","thumbnail":"https://duyhudmhxzxmd.cloudfront.net/photos/rooms/607389/607389_search_result.jpg","city":"San Francisco","country_code":"US","lat":"37.7865126","lng":"-122.3991445","host":{"id":133337,"display":"Bernat","certified":true,"url":"https://roomorama.com/users/Bernat"}},{"id":31108,"title":"Victorian Apartment in Cole Valley","type":"apartment","subtype":"apartment","url":"https://roomorama.com/short-term-rentals/san-francisco/cole-valley/apartment/31108","num_rooms":3,"max_guests":8,"min_stay":3,"price":235,"currency_code":"USD","currency_display":"US$","thumbnail":"https://duyhudmhxzxmd.cloudfront.net/photos/rooms/340813/340813_search_result.jpg","city":"San Francisco","country_code":"US","lat":"37.7653607","lng":"-122.4535816","host":{"id":133337,"display":"Bernat","certified":true,"url":"https://roomorama.com/users/Bernat"}},{"id":35331,"title":"VERY Central London Oxford St Hyde Park","type":"room","subtype":"private","url":"https://roomorama.com/short-term-rentals/united-kingdom/england/london/marylebone/room/35331","max_guests":2,"min_stay":2,"price":58,"currency_code":"GBP","currency_display":"\u00a3","thumbnail":"https://duyhudmhxzxmd.cloudfront.net/photos/rooms/432145/432145_search_result.jpg","city":"London","country_code":"GB","lat":"51.519301","lng":"-0.1678908","host":{"id":136250,"display":"bean722","certified":true,"url":"https://roomorama.com/users/bean722"}},{"id":53878,"title":"Lovely, well located 1BR appart.-17","type":"apartment","subtype":"apartment","url":"https://roomorama.com/short-term-rentals/paris/8th-arr-champs-elysees/apartment/53878","num_rooms":1,"max_guests":3,"min_stay":3,"price":89,"currency_code":"EUR","currency_display":"\u20ac","thumbnail":"https://duyhudmhxzxmd.cloudfront.net/photos/rooms/597860/597860_search_result.jpg","city":"Paris","country_code":"FR","lat":"48.8803225","lng":"2.2911075","host":{"id":151395,"display":"efriedel","certified":true,"url":"https://roomorama.com/users/efriedel"}},{"id":23770,"title":"Jungmann B3 - Superior","type":"apartment","url":"https://roomorama.com/short-term-rentals/prague/apartment/23770","num_rooms":3,"max_guests":1,"min_stay":2,"price":109,"currency_code":"EUR","currency_display":"\u20ac","thumbnail":"https://duyhudmhxzxmd.cloudfront.net/photos/rooms/309209/309209_search_result.jpg","city":"Prague","country_code":"CZ","lat":"50.0802268982","lng":"14.4234828949","host":{"id":94899,"display":"aaprague","certified":true,"url":"https://roomorama.com/users/aaprague"}},{"id":52145,"title":"Apartment with Lakeview Amsterdam","type":"apartment","subtype":"apartment","url":"https://roomorama.com/short-term-rentals/amsterdam/apartment/52145","num_rooms":1,"max_guests":6,"min_stay":1,"price":90,"currency_code":"EUR","currency_display":"\u20ac","thumbnail":"https://duyhudmhxzxmd.cloudfront.net/photos/rooms/651688/651688_search_result.jpg","city":"Amsterdam","country_code":"NL","lat":"52.3540685","lng":"5.0013533","host":{"id":178204,"display":"ingridbis","certified":true,"url":"https://roomorama.com/users/ingridbis"}},{"id":56736,"title":"Unique: 130 m2 Triplex Bastille","type":"apartment","subtype":"loft","url":"https://roomorama.com/short-term-rentals/paris/11th-arr-opera-bastille/apartment/56736","num_rooms":3,"max_guests":6,"min_stay":20,"price":299,"currency_code":"EUR","currency_display":"\u20ac","thumbnail":"https://duyhudmhxzxmd.cloudfront.net/photos/rooms/778760/778760_search_result.jpg","city":"Paris","country_code":"FR","lat":"48.8488451","lng":"2.3686737","host":{"id":151395,"display":"efriedel","certified":true,"url":"https://roomorama.com/users/efriedel"}},{"id":40654,"title":"Large comfortable townhse Brussels","type":"house","subtype":"townhouse","url":"https://roomorama.com/short-term-rentals/brussels/ixelles/house/40654","num_rooms":4,"max_guests":6,"min_stay":5,"price":179,"currency_code":"EUR","currency_display":"\u20ac","thumbnail":"https://duyhudmhxzxmd.cloudfront.net/photos/rooms/439050/439050_search_result.jpg","city":"Brussels","country_code":"BE","lat":"50.8303344","lng":"4.4107069","host":{"id":151395,"display":"efriedel","certified":true,"url":"https://roomorama.com/users/efriedel"}},{"id":23994,"title":"Passeig de Gracia Residence 6","type":"apartment","url":"https://roomorama.com/short-term-rentals/barcelona/apartment/23994","num_rooms":3,"max_guests":8,"min_stay":2,"price":66,"currency_code":"EUR","currency_display":"\u20ac","thumbnail":"https://duyhudmhxzxmd.cloudfront.net/photos/rooms/282220/282220_search_result.jpg","city":"Barcelona","country_code":"ES","lat":"41.3970870972","lng":"2.1583020687","host":{"id":94903,"display":"aamadrid","certified":true,"url":"https://roomorama.com/users/aamadrid"}},{"id":23992,"title":"Passeig de Gracia Residence 3","type":"apartment","url":"https://roomorama.com/short-term-rentals/barcelona/apartment/23992","num_rooms":3,"max_guests":8,"min_stay":2,"price":67,"currency_code":"EUR","currency_display":"\u20ac","thumbnail":"https://duyhudmhxzxmd.cloudfront.net/photos/rooms/282186/282186_search_result.jpg","city":"Barcelona","country_code":"ES","lat":"41.3970870972","lng":"2.1583020687","host":{"id":94903,"display":"aamadrid","certified":true,"url":"https://roomorama.com/users/aamadrid"}},{"id":24004,"title":"Villarroel Residence 8","type":"apartment","url":"https://roomorama.com/short-term-rentals/barcelona/apartment/24004","num_rooms":2,"max_guests":5,"min_stay":2,"price":58,"currency_code":"EUR","currency_display":"\u20ac","thumbnail":"https://duyhudmhxzxmd.cloudfront.net/photos/rooms/308883/308883_search_result.jpg","city":"Barcelona","country_code":"ES","lat":"41.384992","lng":"2.1555248","host":{"id":94903,"display":"aamadrid","certified":true,"url":"https://roomorama.com/users/aamadrid"}},{"id":23632,"title":"Cheap and Cozy Apartment in Budapest","type":"apartment","subtype":"apartment","url":"https://roomorama.com/short-term-rentals/budapest/district-vi/apartment/23632","num_rooms":2,"max_guests":6,"min_stay":2,"price":45,"currency_code":"EUR","currency_display":"\u20ac","thumbnail":"https://duyhudmhxzxmd.cloudfront.net/photos/rooms/267824/267824_search_result.jpg","city":"Budapest","country_code":"HU","lat":"47.5051460266","lng":"19.0654144287","host":{"id":120885,"display":"dunaflat","certified":true,"url":"https://roomorama.com/users/dunaflat"}},{"id":27224,"title":"Shambhala Serviced Studio, Canal West 1","type":"apartment","subtype":"serviced_apartment","url":"https://roomorama.com/short-term-rentals/hong-kong/causeway-bay/apartment/27224","num_rooms":0,"max_guests":3,"min_stay":2,"price":1000,"currency_code":"HKD","currency_display":"HK$","thumbnail":"https://duyhudmhxzxmd.cloudfront.net/photos/rooms/341037/341037_search_result.jpg","city":"Hong Kong","country_code":"HK","lat":"22.277738","lng":"114.180831","host":{"id":108199,"display":"jonleung","certified":true,"url":"https://roomorama.com/users/jonleung"}},{"id":57599,"title":"Apt Giuggiolo - Farmhouse -Florence","type":"apartment","subtype":"apartment","url":"https://roomorama.com/short-term-rentals/florence/barberino-val-delsa/apartment/57599","num_rooms":1,"max_guests":2,"min_stay":2,"price":80,"currency_code":"EUR","currency_display":"\u20ac","thumbnail":"https://duyhudmhxzxmd.cloudfront.net/photos/rooms/635788/635788_search_result.jpg","city":"Florence","country_code":"IT","lat":"43.527782","lng":"11.2338443","host":{"id":180587,"display":"Marzio","certified":true,"url":"https://roomorama.com/users/Marzio"}}],"min_price":"15.0","max_price":"2571.0","pagination":{"previous":0,"next":2,"current":1,"per_page":50,"count":593,"pages":12},"status":200}